Reference,Value,MPN,Footprint,DNP,Note
J1,USB4105-GF-A,USB4105-GF-A,Connector_USB__USB_C_Receptacle_GCT_USB4105-xx-A_16P_TopMnt_Horizontal.kicad_mod,False,
R1,5100R,RC0603FR-075K1L,Resistor_SMD__R_0603_1608Metric.kicad_mod,False,
R2,5100R,RC0603FR-075K1L,Resistor_SMD__R_0603_1608Metric.kicad_mod,False,
D1,USBLC6-2SC6,USBLC6-2SC6,Package_TO_SOT_SMD__SOT-23-6.kicad_mod,False,
D2,USBLC6-2SC6,USBLC6-2SC6,Package_TO_SOT_SMD__SOT-23-6.kicad_mod,False,
F1,500mA PTC,1206L050YR,Fuse_1206.kicad_mod,False,
U2,AP2112K-3.3TRG1,AP2112K-3.3TRG1,Package_TO_SOT_SMD__SOT-23-5.kicad_mod,False,
C1,1uF,GRM188R71E105KA12D,Capacitor_SMD__C_0603_1608Metric.kicad_mod,False,
C2,4.7uF,GRM21BR71A475KA73L,Capacitor_SMD__C_0805_2012Metric.kicad_mod,False,
U3,TPS2553DBVR,TPS2553DBVR,Package_TO_SOT_SMD__SOT-23-6.kicad_mod,False,
R3,80600R,RC0603FR-0780K6L,Resistor_SMD__R_0603_1608Metric.kicad_mod,False,
R4,100000R,RT0603BRD07100KL,Resistor_SMD__R_0603_1608Metric.kicad_mod,False,
R5,10000R,RT0603BRD0710KL,Resistor_SMD__R_0603_1608Metric.kicad_mod,False,
C3,100nF,GRM188R71H104KA93D,Capacitor_SMD__C_0603_1608Metric.kicad_mod,False,
C4,10uF,GRM21BR61A106KE19L,Capacitor_SMD__C_0805_2012Metric.kicad_mod,False,
J2,BM08B-GHS-TBT,BM08B-GHS-TBT,Connector_JST__JST_GH_BM08B-GHS-TBT_1x08-1MP_P1.25mm_Vertical.kicad_mod,False,Numbered 1:1 PMS5003 cable; verify both mating ends. PMS module separately enclosure-mounted.
Q5,2N7002/HAMR,2N7002/HAMR,Package_TO_SOT_SMD__SOT-23.kicad_mod,False,
Q6,2N7002/HAMR,2N7002/HAMR,Package_TO_SOT_SMD__SOT-23.kicad_mod,False,
R6,100000R,RT0603BRD07100KL,Resistor_SMD__R_0603_1608Metric.kicad_mod,False,
R7,100000R,RT0603BRD07100KL,Resistor_SMD__R_0603_1608Metric.kicad_mod,False,
R8,4700R,RC0603FR-074K7L,Resistor_SMD__R_0603_1608Metric.kicad_mod,False,
R9,4700R,RC0603FR-074K7L,Resistor_SMD__R_0603_1608Metric.kicad_mod,False,
R10,100000R,RT0603BRD07100KL,Resistor_SMD__R_0603_1608Metric.kicad_mod,False,
R11,100000R,RT0603BRD07100KL,Resistor_SMD__R_0603_1608Metric.kicad_mod,False,
C5,100nF,GRM188R71H104KA93D,Capacitor_SMD__C_0603_1608Metric.kicad_mod,False,
U1,STM32F072CBT6,STM32F072CBT6,Package_QFP__LQFP-48_7x7mm_P0.5mm.kicad_mod,False,
C6,100nF,GRM188R71H104KA93D,Capacitor_SMD__C_0603_1608Metric.kicad_mod,False,
C7,100nF,GRM188R71H104KA93D,Capacitor_SMD__C_0603_1608Metric.kicad_mod,False,
C8,100nF,GRM188R71H104KA93D,Capacitor_SMD__C_0603_1608Metric.kicad_mod,False,
C9,100nF,GRM188R71H104KA93D,Capacitor_SMD__C_0603_1608Metric.kicad_mod,False,
C10,1uF,GRM188R71E105KA12D,Capacitor_SMD__C_0603_1608Metric.kicad_mod,False,
R12,10000R,RT0603BRD0710KL,Resistor_SMD__R_0603_1608Metric.kicad_mod,False,
C11,100nF,GRM188R71H104KA93D,Capacitor_SMD__C_0603_1608Metric.kicad_mod,False,
R13,10000R,RT0603BRD0710KL,Resistor_SMD__R_0603_1608Metric.kicad_mod,False,
SW1,TL3342F160QG,TL3342F160QG,Button_Switch_SMD__SW_SPST_TL3342.kicad_mod,False,
SW2,TL3342F160QG,TL3342F160QG,Button_Switch_SMD__SW_SPST_TL3342.kicad_mod,False,
J3,20021111-00010T4LF,20021111-00010T4LF,Connector_PinHeader_1.27mm__PinHeader_2x05_P1.27mm_Vertical.kicad_mod,False,
R14,1000R,RC0603FR-071KL,Resistor_SMD__R_0603_1608Metric.kicad_mod,False,
D3,LTST-C191KGKT,LTST-C191KGKT,LED_SMD__LED_0603_1608Metric.kicad_mod,False,
R15,10000R,RT0603BRD0710KL,Resistor_SMD__R_0603_1608Metric.kicad_mod,False,
R16,10000R,RT0603BRD0710KL,Resistor_SMD__R_0603_1608Metric.kicad_mod,False,
R17,4700R,RC0603FR-074K7L,Resistor_SMD__R_0603_1608Metric.kicad_mod,False,
R18,4700R,RC0603FR-074K7L,Resistor_SMD__R_0603_1608Metric.kicad_mod,False,
R19,22R,RC0603FR-0722RL,Resistor_SMD__R_0603_1608Metric.kicad_mod,False,
C12,10uF,GRM21BR61A106KE19L,Capacitor_SMD__C_0805_2012Metric.kicad_mod,False,
U4,REF3025AIDBZR,REF3025AIDBZR,Package_TO_SOT_SMD__SOT-23.kicad_mod,False,
C13,1uF,GRM188R71E105KA12D,Capacitor_SMD__C_0603_1608Metric.kicad_mod,False,
C14,100nF,GRM188R71H104KA93D,Capacitor_SMD__C_0603_1608Metric.kicad_mod,False,
R20,10000R,RT0603BRD0710KL,Resistor_SMD__R_0603_1608Metric.kicad_mod,False,
R21,10000R,RT0603BRD0710KL,Resistor_SMD__R_0603_1608Metric.kicad_mod,False,
C15,1uF,GRM188R71E105KA12D,Capacitor_SMD__C_0603_1608Metric.kicad_mod,False,
U5,OPA387DBVR,OPA387DBVR,Package_TO_SOT_SMD__SOT-23-5.kicad_mod,False,
C16,100nF,GRM188R71H104KA93D,Capacitor_SMD__C_0603_1608Metric.kicad_mod,False,
U6,ADS122C04IPWR,ADS122C04IPWR,Package_SO__TSSOP-16_4.4x5mm_P0.65mm.kicad_mod,False,
C17,100nF,GRM188R71H104KA93D,Capacitor_SMD__C_0603_1608Metric.kicad_mod,False,
C18,100nF,GRM188R71H104KA93D,Capacitor_SMD__C_0603_1608Metric.kicad_mod,False,
C19,1uF,GRM188R71E105KA12D,Capacitor_SMD__C_0603_1608Metric.kicad_mod,False,
GS1,SGX-7SO2-AQ-20,SGX-7SO2-AQ-20,SGX7_AQ_Socket.kicad_mod,False,Four 0322-0-15-15-34-27-10-0 sockets; top footprint mirrors manufacturer bottom view; no direct cell soldering.
U7,OPA2387DGKR,OPA2387DGKR,Package_SO__VSSOP-8_3x3mm_P0.65mm.kicad_mod,False,
U8,OPA387DBVR,OPA387DBVR,Package_TO_SOT_SMD__SOT-23-5.kicad_mod,False,
R30,20R,RT0603BRD0720RL,Resistor_SMD__R_0603_1608Metric.kicad_mod,False,
R31,100000R,RT0603BRD07100KL,Resistor_SMD__R_0603_1608Metric.kicad_mod,False,
C30,100nF,C3216C0G1H104JT000N,Capacitor_SMD__C_1206_3216Metric.kicad_mod,False,C0G feedback/compensation; H2S feedback totals 500 nF in parallel
R32,10000R,RT0603BRD0710KL,Resistor_SMD__R_0603_1608Metric.kicad_mod,False,
C31,1uF,GRM188R71E105KA12D,Capacitor_SMD__C_0603_1608Metric.kicad_mod,False,
Q1,MMBFJ270,MMBFJ270,Package_TO_SOT_SMD__SOT-23.kicad_mod,False,
R33,20R,RT0603BRD0720RL,Resistor_SMD__R_0603_1608Metric.kicad_mod,False,
R34,100000R,RT0603BRD07100KL,Resistor_SMD__R_0603_1608Metric.kicad_mod,False,
C33,100nF,C3216C0G1H104JT000N,Capacitor_SMD__C_1206_3216Metric.kicad_mod,False,C0G feedback/compensation; H2S feedback totals 500 nF in parallel
R35,10000R,RT0603BRD0710KL,Resistor_SMD__R_0603_1608Metric.kicad_mod,False,
C34,1uF,GRM188R71E105KA12D,Capacitor_SMD__C_0603_1608Metric.kicad_mod,False,
Q2,MMBFJ270,MMBFJ270,Package_TO_SOT_SMD__SOT-23.kicad_mod,False,
R36,10000R,RT0603BRD0710KL,Resistor_SMD__R_0603_1608Metric.kicad_mod,False,
R37,100R,RC0603FR-07100RL,Resistor_SMD__R_0603_1608Metric.kicad_mod,False,
C36,100nF,C3216C0G1H104JT000N,Capacitor_SMD__C_1206_3216Metric.kicad_mod,False,C0G feedback/compensation; H2S feedback totals 500 nF in parallel
C37,100nF,GRM188R71H104KA93D,Capacitor_SMD__C_0603_1608Metric.kicad_mod,False,
C38,100nF,GRM188R71H104KA93D,Capacitor_SMD__C_0603_1608Metric.kicad_mod,False,
GS2,SGX-7H2S-AQ-25,SGX-7H2S-AQ-25,SGX7_AQ_Socket.kicad_mod,False,Four 0322-0-15-15-34-27-10-0 sockets; top footprint mirrors manufacturer bottom view; no direct cell soldering.
U9,OPA2387DGKR,OPA2387DGKR,Package_SO__VSSOP-8_3x3mm_P0.65mm.kicad_mod,False,
U10,OPA387DBVR,OPA387DBVR,Package_TO_SOT_SMD__SOT-23-5.kicad_mod,False,
R50,20R,RT0603BRD0720RL,Resistor_SMD__R_0603_1608Metric.kicad_mod,False,
R51,20000R,RT0603BRD0720KL,Resistor_SMD__R_0603_1608Metric.kicad_mod,False,
C50,100nF,C3216C0G1H104JT000N,Capacitor_SMD__C_1206_3216Metric.kicad_mod,False,C0G feedback/compensation; H2S feedback totals 500 nF in parallel
R52,10000R,RT0603BRD0710KL,Resistor_SMD__R_0603_1608Metric.kicad_mod,False,
C51,1uF,GRM188R71E105KA12D,Capacitor_SMD__C_0603_1608Metric.kicad_mod,False,
Q3,MMBFJ270,MMBFJ270,Package_TO_SOT_SMD__SOT-23.kicad_mod,False,
R53,20R,RT0603BRD0720RL,Resistor_SMD__R_0603_1608Metric.kicad_mod,False,
R54,20000R,RT0603BRD0720KL,Resistor_SMD__R_0603_1608Metric.kicad_mod,False,
C53,100nF,C3216C0G1H104JT000N,Capacitor_SMD__C_1206_3216Metric.kicad_mod,False,C0G feedback/compensation; H2S feedback totals 500 nF in parallel
R55,10000R,RT0603BRD0710KL,Resistor_SMD__R_0603_1608Metric.kicad_mod,False,
C54,1uF,GRM188R71E105KA12D,Capacitor_SMD__C_0603_1608Metric.kicad_mod,False,
Q4,MMBFJ270,MMBFJ270,Package_TO_SOT_SMD__SOT-23.kicad_mod,False,
R56,10000R,RT0603BRD0710KL,Resistor_SMD__R_0603_1608Metric.kicad_mod,False,
R57,100R,RC0603FR-07100RL,Resistor_SMD__R_0603_1608Metric.kicad_mod,False,
C56,100nF,C3216C0G1H104JT000N,Capacitor_SMD__C_1206_3216Metric.kicad_mod,False,C0G feedback/compensation; H2S feedback totals 500 nF in parallel
C57,100nF,GRM188R71H104KA93D,Capacitor_SMD__C_0603_1608Metric.kicad_mod,False,
C58,100nF,GRM188R71H104KA93D,Capacitor_SMD__C_0603_1608Metric.kicad_mod,False,
R70,10000R,RT0603BRD0710KL,Resistor_SMD__R_0603_1608Metric.kicad_mod,False,
R71,100000R,RT0603BRD07100KL,Resistor_SMD__R_0603_1608Metric.kicad_mod,False,"Gate return to electrode common mode, not ground"
U11,SHT40-AD1F-R2,SHT40-AD1F-R2,SHT40.kicad_mod,False,
C70,100nF,GRM188R71H104KA93D,Capacitor_SMD__C_0603_1608Metric.kicad_mod,False,
U12,BMP390,BMP390,BMP390.kicad_mod,False,
C71,100nF,GRM188R71H104KA93D,Capacitor_SMD__C_0603_1608Metric.kicad_mod,False,
C72,100nF,GRM188R71H104KA93D,Capacitor_SMD__C_0603_1608Metric.kicad_mod,False,
TP1,Test pad 1mm,Test pad 1mm,TestPoint__TestPoint_Pad_D1.0mm.kicad_mod,False,
TP2,Test pad 1mm,Test pad 1mm,TestPoint__TestPoint_Pad_D1.0mm.kicad_mod,False,
TP3,Test pad 1mm,Test pad 1mm,TestPoint__TestPoint_Pad_D1.0mm.kicad_mod,False,
TP4,Test pad 1mm,Test pad 1mm,TestPoint__TestPoint_Pad_D1.0mm.kicad_mod,False,
TP5,Test pad 1mm,Test pad 1mm,TestPoint__TestPoint_Pad_D1.0mm.kicad_mod,False,
TP6,Test pad 1mm,Test pad 1mm,TestPoint__TestPoint_Pad_D1.0mm.kicad_mod,False,
TP7,Test pad 1mm,Test pad 1mm,TestPoint__TestPoint_Pad_D1.0mm.kicad_mod,False,
U13,TPS22918DBVR,TPS22918DBVR,Package_TO_SOT_SMD__SOT-23-6.kicad_mod,False,Analog power sequencing / USB suspend
Q7,MMBT3904LT1G,MMBT3904LT1G,Package_TO_SOT_SMD__SOT-23.kicad_mod,False,Emitter follows VZERO; base resistor R74 limits MCU current
R72,100000R,RT0603BRD07100KL,Resistor_SMD__R_0603_1608Metric.kicad_mod,False,Analog power sequencing / USB suspend
R73,10000R,RT0603BRD0710KL,Resistor_SMD__R_0603_1608Metric.kicad_mod,False,Analog power sequencing / USB suspend
C73,1uF,GRM188R71E105KA12D,Capacitor_SMD__C_0603_1608Metric.kicad_mod,False,Analog power sequencing / USB suspend
C74,10nF,GRM188R71H103KA01D,Capacitor_SMD__C_0603_1608Metric.kicad_mod,False,Analog power sequencing / USB suspend
H1,M3,Mechanical,MountingHole__MountingHole_3.2mm_M3.kicad_mod,False,M3 support
H2,M3,Mechanical,MountingHole__MountingHole_3.2mm_M3.kicad_mod,False,M3 support
H3,M3,Mechanical,MountingHole__MountingHole_3.2mm_M3.kicad_mod,False,M3 support
H4,M3,Mechanical,MountingHole__MountingHole_3.2mm_M3.kicad_mod,False,M3 support
R74,10000R,RT0603BRD0710KL,Resistor_SMD__R_0603_1608Metric.kicad_mod,False,Q7 base current limit
D4,BAT54LT1G,BAT54LT1G,Package_TO_SOT_SMD__SOT-23.kicad_mod,False,1 anode USB_5V; 3 cathode GATE_SUPPLY; 2 NC
C80,100nF,C3216C0G1H104JT000N,Capacitor_SMD__C_1206_3216Metric.kicad_mod,False,H2S C0G parallel feedback bank
C81,100nF,C3216C0G1H104JT000N,Capacitor_SMD__C_1206_3216Metric.kicad_mod,False,H2S C0G parallel feedback bank
C82,100nF,C3216C0G1H104JT000N,Capacitor_SMD__C_1206_3216Metric.kicad_mod,False,H2S C0G parallel feedback bank
C83,100nF,C3216C0G1H104JT000N,Capacitor_SMD__C_1206_3216Metric.kicad_mod,False,H2S C0G parallel feedback bank
C84,100nF,C3216C0G1H104JT000N,Capacitor_SMD__C_1206_3216Metric.kicad_mod,False,H2S C0G parallel feedback bank
C85,100nF,C3216C0G1H104JT000N,Capacitor_SMD__C_1206_3216Metric.kicad_mod,False,H2S C0G parallel feedback bank
C86,100nF,C3216C0G1H104JT000N,Capacitor_SMD__C_1206_3216Metric.kicad_mod,False,H2S C0G parallel feedback bank
C87,100nF,C3216C0G1H104JT000N,Capacitor_SMD__C_1206_3216Metric.kicad_mod,False,H2S C0G parallel feedback bank
R75,100R,RC0603FR-07100RL,Resistor_SMD__R_0603_1608Metric.kicad_mod,False,100 ohm isolation for driven electrode guard pours
GS1/GS2 sockets (8),1 mm cell sockets,0322-0-15-15-34-27-10-0,SGX7_AQ_Socket,False,Install sockets before inserting cells
External PM module,PMS5003,PMS5003,Enclosure cradle,False,"Separate cable, not soldered on this PCB"
